reference,baseline,metric,n_pairs,mean_delta,wilcoxon_stat,p_value,significant_0_05
TeleMin-RAG,Mutual Information Feature Selection,f1,60,0.04511284727463768,346.0,0.00013469193344423712,True
TeleMin-RAG,Random-k Selection,f1,60,0.038015176315141064,469.0,0.0016897205475190098,True
TeleMin-RAG,Embedding Similarity Selection,f1,60,0.031015909460983197,604.0,0.022051824398097802,True
TeleMin-RAG,TF-IDF/BM25 Selection,f1,60,0.016412734324898343,740.0,0.19764529296983313,False
TeleMin-RAG,Full Context,f1,60,-0.008848550204836695,884.0,0.8194826254002328,False
